{"cameraMode":{"drawMode":0,"name":"Shaded","section":"Shading Mode"},"sceneLighting":false,"audioPlay":false,"sceneViewState":{"showFog":true,"showMaterialUpdate":false,"showSkybox":false,"showFlares":true,"showImageEffects":true,"showParticleSystems":true},"in2DMode":false,"pivot":{"x":-167.94085693359376,"y":622.9571533203125,"z":526.684814453125},"rotation":{"x":0.26796749234199526,"y":0.5149862170219421,"z":-0.17346498370170594,"w":0.7955475449562073},"size":5.606795310974121,"orthographic":true}