{"cameraMode":{"drawMode":0,"name":"Shaded","section":"Shading Mode"},"sceneLighting":true,"audioPlay":false,"sceneViewState":{"showFog":true,"showMaterialUpdate":false,"showSkybox":true,"showFlares":true,"showImageEffects":true,"showParticleSystems":true},"in2DMode":false,"pivot":{"x":-7.936999797821045,"y":1.0800000429153443,"z":3.5199999809265138},"rotation":{"x":-0.0043129585683345799,"y":0.9638080596923828,"z":-0.26611751317977908,"w":-0.01561781670898199},"size":3.9149537086486818,"orthographic":false}